Id,BIRTHDATE,DEATHDATE,SSN,DRIVERS,PASSPORT,PREFIX,FIRST,MIDDLE,LAST,SUFFIX,MAIDEN,MARITAL,RACE,ETHNICITY,GENDER,BIRTHPLACE,ADDRESS,CITY,STATE,COUNTY,FIPS,ZIP,LAT,LON,HEALTHCARE_EXPENSES,HEALTHCARE_COVERAGE,INCOME
35278fa7-6baa-3867-025e-69dbc2ce28df,2015-05-06,,999-97-3764,,,,Domonique463,Arminda86,Zieme486,,,,white,nonhispanic,F,Spencer  Massachusetts  US,205 Gutmann Rue,Bridgewater,Massachusetts,Plymouth County,25023,02324,41.962919132164174,-71.01603195481037,23919.14,0.00,79805
511a4569-d2c5-4904-13ce-d784c524e329,1985-12-22,,999-61-5384,S99948498,X12146547X,Mr.,Shelby741,Tuan998,Jacobson885,,,S,white,nonhispanic,M,West Springfield  Massachusetts  US,301 Smitham Throughway,Westfield,Massachusetts,Hampden County,25013,01086,42.172296826758334,-72.80295632934634,44915.07,137710.17,105521
7463d541-45f0-112d-30c3-41ff2c94e393,2019-03-19,,999-32-9821,,,,Tommy814,Lachelle614,Paucek755,,,,white,nonhispanic,F,Devens  Massachusetts  US,390 Cronin Corner,Chicopee,Massachusetts,Hampden County,25013,01022,42.213553553618326,-72.60048546306002,1335.71,12627.36,16457
fa0194b3-a759-8b30-83a6-d7c07f5a6641,1994-05-09,,999-12-9851,S99936237,X39790655X,Mr.,Michael441,,Doyle959,,,M,white,nonhispanic,M,Chicopee  Massachusetts  US,656 Glover Landing Suite 20,Sudbury,Massachusetts,Middlesex County,,00000,42.34663712426905,-71.46965576148905,73154.42,3642.94,161929
c4d282da-d4e9-f048-cb6f-5f4bd0b78c08,2010-08-19,,999-67-1094,,,,Yon80,Gillian484,Koss676,,,,white,nonhispanic,F,Yarmouth Port  Massachusetts  US,695 Hartmann Crossing Unit 83,Plymouth,Massachusetts,Plymouth County,25023,02360,41.836787608935694,-70.59505560120463,43195.92,1934.71,82590
ad0ad730-ddec-0891-cf3d-36c40f3a584b,2003-07-04,,999-87-2798,S99947293,X39911100X,Mr.,Michal596,Arturo47,Ondricka197,,,,white,nonhispanic,M,Easton  Massachusetts  US,124 Reynolds Throughway,Mashpee,Massachusetts,Barnstable County,,00000,41.639796124934584,-70.52021854787996,39996.34,67810.38,194025
7363e678-597c-deb2-f7e3-79bb24d561f9,1982-08-03,,999-71-6841,S99917546,X45427793X,Mr.,Filiberto722,Benny518,Mayert710,,,W,white,nonhispanic,M,Franklin  Massachusetts  US,400 Becker Green,Newton,Massachusetts,Middlesex County,25017,02460,42.31283272070709,-71.19902335117925,6836.98,82887.30,9288
cb9271bb-c823-e655-a39b-eeaa02feb653,1981-10-15,,999-51-6562,S99983344,X44273605X,Mrs.,Dena356,Madaline59,Fisher429,,Renner328,D,white,nonhispanic,F,Norwell  Massachusetts  US,863 Pfannerstill Village Suite 21,Lowell,Massachusetts,Middlesex County,25017,01851,42.63898443302255,-71.29636870033542,133855.64,437808.05,29908
c4fcc3c2-6646-df2e-c440-912d4c3ed42f,1970-03-25,,999-93-2870,S99933457,X57138643X,Mr.,Enoch803,,Corwin846,,,D,white,nonhispanic,M,Sandisfield  Massachusetts  US,406 Rau Mews,Plymouth,Massachusetts,Plymouth County,25023,02360,41.83647841393262,-70.64041941277803,164548.21,17275.06,155743
fd303c7f-c708-ac2f-ef6a-1a3b4ea933fd,1978-05-19,,999-20-9025,S99989755,X72162510X,Mrs.,Towanda270,Cira533,Pouros728,,Anderson154,M,white,nonhispanic,F,Norton  Massachusetts  US,197 Hoppe Ramp Apt 0,Gloucester,Massachusetts,Essex County,25009,01930,42.59958403561482,-70.66486164980437,430113.45,826681.40,62177
739744a2-7158-c5ba-4451-c16c18ad65cf,1975-04-15,,999-97-3731,S99956889,X6607865X,Mr.,Darren774,Nelson403,West559,,,M,white,nonhispanic,M,Halifax  Massachusetts  US,274 Berge Highlands Suite 55,Harvard,Massachusetts,Worcester County,,00000,42.50668341194364,-71.58408126710299,133866.90,14772.84,164596
7ec33427-ee3a-579f-07d0-d4f13fff2117,2012-03-19,,999-31-5836,,,,Rudolph554,Edgardo196,Lueilwitz711,,,,asian,nonhispanic,M,Brookfield  Massachusetts  US,690 Macejkovic Quay,Woburn,Massachusetts,Middlesex County,25017,01801,42.49875010908673,-71.17214825309715,21400.90,22167.32,126666
c94a3248-b873-6b1f-7949-67def9aaead8,1995-05-21,,999-22-7573,S99913434,X32330987X,Mr.,Leigh689,,Haag279,,,S,white,nonhispanic,M,Hamilton  Massachusetts  US,406 Auer Bridge,Wakefield,Massachusetts,Middlesex County,25009,01940,42.47001945427143,-71.08073809298367,43623.48,676857.61,34370
3684faa9-ca88-bb15-80b0-129616cab6c3,1961-01-27,,999-94-5419,S99915224,X89792626X,Mrs.,Elicia233,Fay398,Greenholt190,,Wisoky380,M,white,nonhispanic,F,Bellingham  Massachusetts  US,314 Murazik Parade Unit 28,Somerville,Massachusetts,Middlesex County,25017,02138,42.37934295603565,-71.15097729033522,36467.35,1384759.33,565579
291f7b90-65c5-6ace-1bf1-dee2da142343,1978-08-23,,999-59-7750,S99930694,X28220462X,Mr.,Lynwood354,Jimmy858,Jakubowski832,,,D,white,nonhispanic,M,Lawrence  Massachusetts  US,507 Block Glen,Chicopee,Massachusetts,Hampden County,25013,01022,42.1648173956392,-72.50292914957201,68996.36,11321.12,48668
4caeb620-474c-be74-7a34-211a298cb56e,1991-10-10,,999-37-2126,S99916186,X5568022X,Mr.,Williams176,,Schneider199,,,M,black,nonhispanic,M,Quincy  Massachusetts  US,851 Erdman Center,Boston,Massachusetts,Suffolk County,25025,02128,42.294150226012604,-71.08171453165126,78384.23,560263.65,28235
b1d72998-e74f-01ed-a9a1-a3c04029f6de,2007-03-09,,999-91-3999,S99914406,,,Elsa29,Antonia30,Lebrón484,,,,white,hispanic,F,Bayamon  Puerto Rico  PR,291 Goodwin Overpass,Saugus,Massachusetts,Essex County,25009,01906,42.49839278204265,-71.05042553763512,58480.23,0.00,101734
89358a31-ef34-ce9a-2aa5-511dec5f1dd2,1979-12-06,,999-73-3440,S99972251,X84774152X,Mr.,Alton320,Delmer311,Anderson154,,,M,white,nonhispanic,M,Walpole  Massachusetts  US,648 Satterfield Crossing Apt 74,Needham,Massachusetts,Norfolk County,25021,02494,42.25070743169451,-71.20740161561672,99681.81,24749.57,87745
24cf130f-c6c3-da5a-6649-3944a06165c4,2007-12-01,,999-42-5803,S99943808,,,Desmond566,Donnell534,Emmerich580,,,,white,nonhispanic,M,West Stockbridge  Massachusetts  US,498 Schroeder Rest Suite 20,Bridgewater,Massachusetts,Plymouth County,25023,02324,42.00817690669467,-70.98108172862142,69893.57,35957.34,29444
914a523d-61e3-b2b2-87f7-263390b4e1db,2001-08-17,,999-57-8364,S99924553,X32260609X,Ms.,Sherly665,Luz785,Runolfsson901,,,,white,nonhispanic,F,Salem  Massachusetts  US,1011 Swaniawski Light,Worcester,Massachusetts,Worcester County,25027,01610,42.28475250215561,-71.8579556916138,199267.33,1109668.12,53171
d568b42f-70f0-faa9-78ce-7e551c57d76e,2023-06-18,,999-65-7550,,,,Allen322,Nga248,Schaden604,,,,white,nonhispanic,F,Westfield  Massachusetts  US,690 Wehner Gateway,Plymouth,Massachusetts,Plymouth County,25023,02360,41.903460911335955,-70.59873861026601,6325.88,0.00,49367
591fdee8-cf4d-a9e4-ce5e-b0501a6de965,1975-01-30,,999-17-7593,S99936670,X15506760X,Mrs.,Arie325,Lashon823,Mosciski958,,Streich926,M,white,nonhispanic,F,Wenham  Massachusetts  US,946 Brown Harbor Apt 52,Upton,Massachusetts,Worcester County,25027,01568,42.19287536645749,-71.64912066387592,254099.61,726758.25,166012
a96833b2-e5c5-3cb6-153e-297a9ef1fcc5,1997-02-10,,999-26-3355,S99919634,X53701483X,Mr.,Jeremy766,Dave764,Lockman863,,,M,white,nonhispanic,M,Freetown  Massachusetts  US,870 Powlowski Terrace Suite 55,East Bridgewater,Massachusetts,Plymouth County,,00000,42.004756716766266,-70.94434301649042,55647.94,12388.57,92730
a5b0bb70-adbd-00d9-f715-990186ebb425,1967-04-12,,999-65-8192,S99927264,X80676855X,Mr.,Broderick767,Jamison785,Ward668,,,S,white,nonhispanic,M,Mendon  Massachusetts  US,562 Padberg Annex Apt 16,Boston,Massachusetts,Suffolk County,25025,02113,42.34807173214925,-71.00839958527135,13061.95,171067.21,2538
2ea8f609-9950-4e6d-f616-447591b73965,1957-06-09,,999-62-1844,S99978917,X2621949X,Ms.,Judi176,,Swift555,JD,,S,white,nonhispanic,F,Weymouth  Massachusetts  US,1071 Schmitt Track,Boston,Massachusetts,Suffolk County,25025,02134,42.29258056138936,-71.0370332179146,24605.26,1997809.46,11761
f89bfdee-67f0-912b-765e-a2c5c4f4c2a9,1984-05-22,,999-15-2056,S99997594,X13928500X,Mrs.,Marcy588,Tandra334,Hirthe744,,Ryan260,W,white,nonhispanic,F,Cambridge  Massachusetts  US,839 Wuckert Neck Suite 97,Haverhill,Massachusetts,Essex County,25009,01835,42.77020071033197,-71.09347001865703,214191.85,929910.71,129943
6b2d182e-a9a1-6f94-0f45-2583ade09b79,1998-11-28,,999-24-3908,S99975146,X7210758X,Mr.,Alonso270,Alvaro283,Flatley871,,,,white,nonhispanic,M,Fall River  Massachusetts  US,888 Boehm Rue Suite 58,Newton,Massachusetts,Middlesex County,25017,02465,42.311695970667365,-71.27021983209771,61479.47,2551.94,674225
5b485d3a-e94c-68c3-7de4-510e12a1e1cd,1972-09-25,,999-17-8709,S99917673,X36102162X,Mrs.,Trinity427,,Feil794,,Beatty507,M,white,nonhispanic,F,Brewster  Massachusetts  US,565 Klocko Trafficway,Dartmouth,Massachusetts,Bristol County,,00000,41.52367939059395,-70.94637822000396,568943.84,9125.68,80015
32384c9a-f1b7-9efe-860e-54ded5be8585,1988-02-19,,999-54-4913,S99996023,X27195769X,Mrs.,Milda157,Frederica279,Wuckert783,,Grimes165,M,white,nonhispanic,F,Newton  Massachusetts  US,891 Jacobson Well,Norton,Massachusetts,Bristol County,,00000,41.95152209223124,-71.17372529253042,178319.38,258198.08,126394
00f25ba0-969c-58d3-40f1-16631502ba94,1956-06-26,2011-07-10,999-14-4563,S99912180,X31670754X,Ms.,Peggy868,Cherri385,King743,,,S,white,nonhispanic,F,Boston  Massachusetts  US,486 Deckow Orchard Suite 32,Seekonk,Massachusetts,Bristol County,,00000,41.836111355094,-71.32360025277973,16763.35,905187.35,2338
d6efd630-a448-49f5-9e0b-49431a87d276,1985-07-19,,999-49-4324,S99990212,X23160985X,Mr.,Rex53,Gaylord332,O'Kon634,,,M,white,nonhispanic,M,Chelmsford  Massachusetts  US,850 Huel Common Suite 59,Ware,Massachusetts,Hampshire County,25015,01082,42.255506859755,-72.26586351396257,131587.23,15384.33,42171
3f2831ea-fbd0-97a1-1d6a-b691297b123d,1959-04-06,,999-13-6230,S99939548,X35860195X,Mr.,Jamie386,Alonso270,Predovic534,,,D,white,nonhispanic,M,Newton  Massachusetts  US,476 Considine Throughway Unit 28,Ware,Massachusetts,Hampshire County,25015,01082,42.251509072376386,-72.28797328076836,269869.23,64445.13,47266
bc13a291-641e-2e96-c554-6de2f0b7753a,1961-03-26,,999-86-6731,S99969909,X45399270X,Mr.,Adalberto916,Rene434,Weissnat378,,,M,asian,nonhispanic,M,Worcester  Massachusetts  US,337 Lubowitz View Suite 2,Tyngsborough,Massachusetts,Middlesex County,,00000,42.634866009740314,-71.45665018702299,296536.93,0.00,61711
eba49039-359e-0976-12d7-375819c1dcc4,1961-12-07,,999-53-8715,S99955984,X58112723X,Mr.,Ernesto186,Erwin847,Farrell962,,,M,white,nonhispanic,M,Southwick  Massachusetts  US,682 Smitham Wall,Peabody,Massachusetts,Essex County,25009,01960,42.48756709087186,-70.99848775323365,19928.03,350124.91,19151
8dbee505-1018-b3c8-84bb-546a71f66154,1965-12-04,,999-55-1662,S99980727,X21370910X,Mrs.,Erna640,Lorrine765,Lakin515,,McClure239,M,white,nonhispanic,F,Cambridge  Massachusetts  US,295 Towne Burg Unit 89,Newbury,Massachusetts,Essex County,,00000,42.787233220909044,-70.88658299679206,840064.34,274249.18,70523
14a4eb6b-0f73-ae56-31c2-384a43153242,1966-09-25,,999-81-7287,S99959399,X37680997X,Mrs.,Guillermina633,Janine159,Leffler128,,Mayer370,M,white,nonhispanic,F,Medford  Massachusetts  US,502 Jacobs Haven,Duxbury,Massachusetts,Plymouth County,25023,02332,42.0162198967101,-70.75320364449895,682025.22,284424.93,95179
b0ea7ad6-0f1e-0b13-b0fc-8f03f4823556,1969-09-26,,999-58-8222,S99947639,X79206779X,Mr.,Val761,Aaron697,McLaughlin530,,,S,white,nonhispanic,M,Revere  Massachusetts  US,814 Hoppe Run Suite 25,Weymouth,Massachusetts,Norfolk County,25021,02191,42.2102283369213,-70.96721411130171,143686.59,9923.53,75552
c787d957-3aec-9877-ad34-72c562b92c7e,1987-10-11,,999-22-3202,S99927797,X47101807X,Mr.,Emil691,Dorian295,Maggio310,,,M,hawaiian,nonhispanic,M,Peabody  Massachusetts  US,345 Little Corner,Lynnfield,Massachusetts,Essex County,25009,01940,42.56696136239335,-71.03324718443011,105717.55,9068.81,121338
abde91cd-2608-58d2-f218-32f529f440c6,2003-08-12,,999-81-2991,S99957782,X12827064X,Mr.,Octavio643,,Zulauf375,,,,white,nonhispanic,M,North Brookfield  Massachusetts  US,216 Abernathy Avenue,Pinehurst,Massachusetts,Middlesex County,25017,01866,42.524470460689415,-71.21487181989886,32528.63,1962.95,68586
f8a96245-2309-2f6b-fe28-2473a7558a20,1973-09-14,,999-62-5729,S99960780,X55745659X,Mrs.,Cherly215,Hellen346,Schiller186,,McKenzie376,M,white,nonhispanic,F,Ashland  Massachusetts  US,988 Medhurst Union Unit 30,Springfield,Massachusetts,Hampden County,25013,01129,42.10521574840368,-72.49835286241188,15482.71,1034469.91,10725
c39d4347-3631-ff48-291e-6efc365ea247,1940-05-26,,999-83-7549,S99916866,X83899136X,Mr.,Williams176,Otha286,Von197,,,M,white,nonhispanic,M,Millville  Massachusetts  US,492 Runte Lane,Malden,Massachusetts,Middlesex County,25017,02155,42.45531752722536,-71.05561532161417,20657.28,517729.08,16230
6ce4df86-d075-b82b-22be-d71592983dc6,1961-02-23,2016-07-15,999-49-3189,S99971966,X51584201X,Mr.,Micah422,,Crist667,,,M,white,hispanic,M,Shrewsbury  Massachusetts  US,670 Klocko Gardens Apt 23,Yarmouth,Massachusetts,Barnstable County,,00000,41.67194642498396,-70.20645839148722,233449.55,196768.58,35359
ba92ba49-f591-d756-8a51-24be8b3d38ec,2009-03-13,,999-50-9881,,,,Stacia109,,Feeney44,,,,white,nonhispanic,F,Somerville  Massachusetts  US,712 Jacobi Village Unit 71,Hudson,Massachusetts,Middlesex County,25017,01749,42.414365505273345,-71.51569159442148,40945.18,0.00,67188
5fe5bc19-a4f7-c819-f596-e3b2a86238c1,1956-06-26,2012-07-01,999-91-5918,S99986756,X17579746X,Mrs.,Paulette168,Dorine689,Price929,,Hirthe744,M,white,nonhispanic,F,New Bedford  Massachusetts  US,666 Haley Wall,Seekonk,Massachusetts,Bristol County,,00000,41.86434276049279,-71.2787981525322,20323.06,1256408.64,2338
aeb46c2d-edf8-5f04-c2bd-4f5fb7f488ac,1998-05-28,,999-34-7810,S99961095,X68538118X,Mr.,Ivory697,Giuseppe872,Rempel203,,,,asian,nonhispanic,M,Boston  Massachusetts  US,433 Volkman Knoll,Somerville,Massachusetts,Middlesex County,25017,02138,42.35170923499971,-71.12293797189298,78715.89,5332.28,91252
cb3c0c57-83f8-dff2-242d-4685eda34503,1976-10-19,1990-10-28,999-27-2001,,,,Xavier983,Pete38,Crist667,,,,white,nonhispanic,M,Plainville  Massachusetts  US,943 Homenick Extension,Boston,Massachusetts,Suffolk County,25025,02136,42.40147601963562,-71.05684495582796,4174.52,87708.83,24875
c3a8c68c-dbc0-3799-4a19-bd9fd018d88b,2010-06-16,,999-18-1186,,,,Dave764,Harvey63,Bashirian201,,,,white,nonhispanic,M,North Attleborough  Massachusetts  US,845 Gorczany Approach,Hanover,Massachusetts,Plymouth County,,00000,42.11317063647377,-70.85153291072244,47247.79,4593.83,93284
bbadd089-a999-7ed0-f534-5a55f81dd933,1982-02-21,,999-28-7718,S99931956,X3083823X,Mr.,Juan88,Julio César525,Ocasio180,,,M,white,hispanic,M,Santiago  Santiago Province  CL,376 Farrell Trace Suite 56,Springfield,Massachusetts,Hampden County,25013,01108,42.096513278725745,-72.54374709896526,82806.12,9321.92,137764
ab68701c-552d-0ed8-147b-53fbbcb012c9,1993-05-11,,999-16-6051,S99925861,X51445583X,Mrs.,Laverna97,Joella167,Breitenberg711,,Schmitt836,M,white,nonhispanic,F,Sutton  Massachusetts  US,629 Donnelly Promenade Suite 30,Merrimac,Massachusetts,Essex County,,00000,42.80136960321247,-71.02608387253619,116546.98,193235.07,181250
4ff29a46-a211-4016-ba08-0d4d25589c0f,1970-10-12,,999-89-1379,S99992966,X88521081X,Mr.,Mac103,Shayne60,Gorczany269,,,M,white,nonhispanic,M,Agawam  Massachusetts  US,934 Von Well Unit 2,Lawrence,Massachusetts,Essex County,25009,01840,42.7333702167582,-71.14094084821431,149784.15,565116.67,123189
f20deb59-5974-14c6-71bc-e4c97dd10a5b,1982-03-22,,999-44-3721,S99960046,X279763X,Ms.,Lisbeth69,Carola944,Kozey370,,,S,white,nonhispanic,F,Chicopee  Massachusetts  US,356 Kutch Haven Apt 15,Revere,Massachusetts,Suffolk County,25025,02151,42.38260432550532,-70.98763292061162,42482.27,395825.19,27526
b5da2bbb-34a8-a3fb-61d0-b16875671d23,1972-03-08,,999-11-4833,S99950491,X11356244X,Mrs.,Samara159,,Beahan375,,Hauck852,M,white,nonhispanic,F,Boston  Massachusetts  US,325 Senger Harbor,Orange,Massachusetts,Franklin County,25011,01364,42.584577717463404,-72.27745034073882,15818.64,654153.31,8834
5c2bcd77-984a-1371-57fc-3075cad38796,1958-11-17,,999-82-1473,S99911905,X77734681X,Mr.,Maxwell782,Hilton264,Parisian75,,,M,white,nonhispanic,M,New Bedford  Massachusetts  US,690 Gutmann Drive,Fall River,Massachusetts,Bristol County,25005,02721,41.68166957861462,-70.97678562777152,150741.80,244412.50,25845
6debab2b-dc2c-e27c-cc89-c2c7376bb447,1955-07-30,,999-78-4243,S99977247,X83836798X,Mr.,Clement78,Humberto482,Gusikowski974,,,S,white,nonhispanic,M,Hull  Massachusetts  US,260 Johns Flat,Revere,Massachusetts,Suffolk County,25025,02151,42.429665195851335,-70.95656554434242,16857.95,680943.70,19454
d25cc473-ad8f-42db-437d-e356b2ac7c0f,1975-07-25,,999-58-8987,S99946403,X2108179X,Mr.,Odis959,Dusty207,Mraz590,,,S,white,nonhispanic,M,Quincy  Massachusetts  US,754 Little Divide,Somerset,Massachusetts,Bristol County,25005,02726,41.798719624571035,-71.17804277978505,10114.45,116252.40,6354
e7816af0-3b5a-167e-507b-c5b7b9845391,1976-10-19,,999-19-2150,S99992549,X1370645X,Mr.,Jordan900,Josh874,Keeling57,,,M,white,nonhispanic,M,Waltham  Massachusetts  US,1050 Metz Corner,Boston,Massachusetts,Suffolk County,25025,02151,42.36803094935086,-71.0673297889691,71733.63,91245.10,24875
08a07a53-c466-ca67-2602-47b541dc8190,1967-06-20,,999-20-3571,S99969714,X64212760X,Mrs.,Ethelyn789,,Langworth352,,Spinka232,M,white,nonhispanic,F,Auburn  Massachusetts  US,422 Cassin Vale Suite 13,Barre,Massachusetts,Worcester County,25027,01005,42.419126618123954,-72.06020865455824,493254.29,1670567.72,27136
889f8776-ece8-b662-b1b3-43410f7fda4e,1956-06-26,2018-04-25,999-63-7271,S99998263,X9290646X,Mrs.,Debrah72,Alethea978,Hudson301,,Casper496,D,white,nonhispanic,F,Revere  Massachusetts  US,484 O'Hara Vista,Seekonk,Massachusetts,Bristol County,,00000,41.791863983335446,-71.34563549562957,19479.70,707972.25,2338
f455ba55-4104-e4c5-14b9-8c93bd10172c,1969-10-21,,999-65-8830,S99954291,X66078379X,Mr.,Chauncey770,Mario764,Brakus656,,,S,white,nonhispanic,M,Bellingham  Massachusetts  US,943 Schmeler Ranch Suite 67,Watertown,Massachusetts,Middlesex County,25017,02472,42.383654524734915,-71.22041494190792,167271.72,237021.12,101228
2144de49-7aa4-2367-b3e4-c2cbadef0c7f,1947-10-15,2014-12-15,999-50-6932,S99928654,X74117951X,Ms.,Tamar361,Cristy798,Balistreri607,,,S,white,nonhispanic,F,Methuen  Massachusetts  US,679 Brown Crossroad Apt 34,Woburn,Massachusetts,Middlesex County,25017,01801,42.498724893647555,-71.12718449383785,392358.91,1272956.67,32672
4bcac612-bd22-a2c2-b039-c46b1e8a1a12,1959-01-20,,999-82-6028,S99924917,X87592011X,Mr.,Parker433,Gerry91,Wolf938,,,D,white,nonhispanic,M,Gardner  Massachusetts  US,151 Corkery Club,Newbury,Massachusetts,Essex County,,00000,42.73541769620547,-70.87824869971546,411888.43,71796.62,41671
af3dcf69-23fa-7f0c-6702-379ca6a2702e,1982-06-04,,999-30-9348,S99966471,X33851104X,Mr.,Victor265,Isaiah615,Wilkinson796,,,M,white,nonhispanic,M,Halifax  Massachusetts  US,321 Senger Key Suite 88,Montague,Massachusetts,Franklin County,,00000,42.56589534322328,-72.53338773445195,90045.85,0.00,45177
32778f03-91b6-6e20-2f73-9f3d8334617e,2006-11-08,,999-46-7025,S99911385,,Ms.,Earnestine14,,Bergstrom287,,,,black,nonhispanic,F,Billerica  Massachusetts  US,348 Ebert Corner Apt 55,Boston,Massachusetts,Suffolk County,25025,02163,42.31760279720601,-71.08455946700562,266200.33,604.20,58709
1d791ba0-3c6c-e2d2-4fac-e2261e113988,1998-03-21,,999-85-5086,S99968659,X71744626X,Ms.,Larhonda769,,Gleason633,,,,white,nonhispanic,F,Woburn  Massachusetts  US,301 Powlowski Bay Suite 2,Danvers,Massachusetts,Essex County,25009,01937,42.5400824195101,-70.99860151973868,106374.97,198678.67,92796
9245a11d-4cf5-6a69-bcd2-9c563182d7d1,1956-06-26,1971-07-25,999-83-3852,,,,Alfredia958,Lennie123,Hyatt152,,,,white,nonhispanic,F,Chelsea  Massachusetts  US,445 Swift Walk,Seekonk,Massachusetts,Bristol County,,00000,41.848389891820624,-71.27512263972635,3895.86,46924.72,2338
9a1bffa6-2d17-fa92-dbef-d17b3edec0ef,2001-04-04,,999-25-9465,S99948899,X53317781X,Mr.,Wade235,Fermin479,Kiehn525,,,,white,nonhispanic,M,Malden  Massachusetts  US,474 Larkin Track Suite 2,Taunton,Massachusetts,Bristol County,25005,02718,41.906035520862744,-71.15944969810035,115230.07,622741.78,42322
8917ae8c-8cc7-a607-387b-c9e6e6b5cc75,1961-02-23,,999-61-1970,S99947208,X81522764X,Mr.,Norbert530,Shelby741,Sauer652,,,W,white,hispanic,M,Boston  Massachusetts  US,387 Gulgowski Green Apt 20,Yarmouth,Massachusetts,Barnstable County,,00000,41.640314844505156,-70.27027549377941,50164.05,249620.22,35359
73911e5c-3a4e-dfd0-228b-d2ac9908fa6c,1952-07-18,,999-21-7820,S99955747,X43442869X,Mrs.,Tashia814,Clemmie560,Howe413,,Ortiz186,M,white,nonhispanic,F,East Longmeadow  Massachusetts  US,760 Shanahan Route Unit 28,Raynham,Massachusetts,Bristol County,,00000,41.92136555226643,-71.00911234745367,457214.19,1325315.67,138216
264bc2d6-35f3-a4ab-61ce-06cfa502ee2d,1964-10-05,2020-04-16,999-91-8189,S99922766,X40256555X,Mrs.,Roni48,Hye44,Greenfelder433,,White193,D,white,nonhispanic,F,Cambridge  Massachusetts  US,820 Vandervort Rapid Suite 21,Amherst,Massachusetts,Hampshire County,,00000,42.3440022664862,-72.52799874886077,13802.11,404059.24,17174
544f32b6-4390-2517-e26a-e6fefecdb02c,1943-11-07,1996-01-31,999-50-2124,S99953015,X48406882X,Mr.,Myles862,Joesph309,Torphy630,,,M,white,nonhispanic,M,Dalton  Massachusetts  US,1028 Casper Branch,Boston,Massachusetts,Suffolk County,25025,02125,42.444906927329555,-70.98221925530194,579525.34,291575.36,39786
e478f277-5e52-244d-b622-7e50628c15a3,1943-03-19,2008-05-03,999-77-6261,S99984256,X78205591X,Mr.,Alvaro283,,Doyle959,,,M,white,nonhispanic,M,Duxbury  Massachusetts  US,672 Feest Port,Waltham,Massachusetts,Middlesex County,25017,02472,42.37595029648205,-71.2756351905091,668685.33,312930.34,35325
404352ec-cb52-31ec-5c04-6989280767f1,1964-09-06,,999-11-5612,S99929164,X79056792X,Mrs.,Hae300,Lydia759,Altenwerth646,,Fahey393,M,asian,nonhispanic,F,Brockton  Massachusetts  US,234 Gulgowski Road Apt 23,Lowell,Massachusetts,Middlesex County,25017,01850,42.677421428193156,-71.30073554294077,322844.91,509664.21,129894
051094af-3cdc-5ed5-1a96-6102b63aecb5,2001-08-23,,999-32-7251,S99956406,X8886803X,Mr.,Clarence5,,Ernser583,,,,white,nonhispanic,M,Hampden  Massachusetts  US,956 Lebsack Row Suite 61,Northborough,Massachusetts,Worcester County,25027,01532,42.27854469629407,-71.63912724069604,42337.05,3793.33,62207
077fe6d5-099a-c3b6-a6fb-e467fb96958b,1981-02-14,,999-73-1633,S99979873,X53065603X,Mr.,Rosario163,Dennis979,Goyette777,,,W,white,nonhispanic,M,Belchertown  Massachusetts  US,282 Mueller Wall Suite 89,Marshfield,Massachusetts,Plymouth County,25023,02050,42.12754996472317,-70.74476442509194,110875.35,459.00,157546
ac640b6f-2b3c-6f8f-6920-b73afcd90b35,2010-03-29,,999-66-2831,,,,Jeffery551,Jay242,Murazik203,,,,white,nonhispanic,M,Hamilton  Massachusetts  US,196 Gulgowski Divide,Boston,Massachusetts,Suffolk County,25025,02120,42.25752670412921,-71.06184958129519,39110.70,2983.93,94042
ac62f99d-4b79-2630-aaa0-aa0cd1a57800,1997-10-23,,999-41-3995,S99932734,X69956218X,Ms.,Danyell947,Clarissa466,Conroy74,,,,asian,nonhispanic,F,Wellesley  Massachusetts  US,112 Turner Approach,Worcester,Massachusetts,Worcester County,25027,01607,42.35625049012669,-71.7841197706719,501894.39,322336.40,56137
a7a0de56-cc01-b2c0-428c-8867b922324a,1977-05-16,,999-72-1935,S99994327,X63389179X,Mr.,Efrain317,Hosea56,Balistreri607,,,M,asian,nonhispanic,M,Delhi  Delhi  IN,1086 Rosenbaum Boulevard,Framingham,Massachusetts,Middlesex County,25017,01702,42.28917798622258,-71.41479019324291,116250.94,20632.10,43463
cdea4df9-0a83-bbe5-b8c7-bfd62aa74755,1969-08-21,,999-51-9916,S99931169,X65966311X,Mrs.,Lady554,,Hahn503,,Armstrong51,M,white,nonhispanic,F,Methuen  Massachusetts  US,662 Rippin Plaza Apt 50,Gloucester,Massachusetts,Essex County,25009,01930,42.58847903649411,-70.63651358961187,140614.72,492762.74,27897
73b56e84-c5d1-56c1-5e48-a2e531b179e9,2005-12-28,,999-67-6113,S99974181,,Ms.,Colby655,Kimberlie352,Oberbrunner298,,,,white,hispanic,F,Chelsea  Massachusetts  US,439 Torphy Passage Suite 85,Plymouth,Massachusetts,Plymouth County,25023,02360,41.91193477059712,-70.61295086199888,104284.42,749901.74,70176
cd8971bc-ba2e-7de6-b55f-7a0601b3702d,2007-11-25,,999-61-1223,S99969041,,,Blair400,Oliva247,Steuber698,,,,white,nonhispanic,F,Northbridge  Massachusetts  US,233 Jenkins Well Unit 19,Somerville,Massachusetts,Middlesex County,25017,02145,42.39970263062936,-71.17436148303443,21222.65,14841.85,73886
e8374035-c723-cb5c-8c46-d698f0cc54b8,1956-06-26,,999-35-7978,S99986093,X21506374X,Mrs.,Yee761,,Ruecker817,,Lubowitz58,M,white,nonhispanic,F,Boston  Massachusetts  US,498 Hegmann Well Apt 82,Seekonk,Massachusetts,Bristol County,,00000,41.85319962256473,-71.36641866635567,15709.18,640202.44,2338
8240237b-cf8b-af3c-3a75-1b451b369b80,1975-02-10,,999-99-8644,S99989839,X17574378X,Ms.,Kenneth671,Idella49,Braun514,,,S,black,nonhispanic,F,North Reading  Massachusetts  US,836 Morissette Gardens,Chicopee,Massachusetts,Hampden County,25013,01022,42.193373344091704,-72.57437133516048,384223.28,334931.08,65105
632f17e4-33c3-8179-018f-adf807e31e39,1973-07-26,,999-73-3930,S99967935,X19738861X,Mr.,Ralph813,,Heller342,,,M,white,nonhispanic,M,Somerville  Massachusetts  US,358 Kirlin Highlands,Lynn,Massachusetts,Essex County,25009,01904,42.44752695852871,-70.99222572673591,39869.13,109133.14,79039
b2531d56-17a2-a263-5cd4-6e1da0c6016d,2012-01-08,,999-74-1374,,,,Kerri159,,Thompson596,,,,white,nonhispanic,F,Norwood  Massachusetts  US,679 Roberts Terrace Suite 82,Athol,Massachusetts,Worcester County,25027,01331,42.613807038719706,-72.2420064825617,2631.18,43953.76,21260
011bcd29-dad8-d091-de7a-df5f93b80c36,1966-05-26,,999-83-4163,S99956211,X5333627X,Ms.,Diamond340,Sherlyn657,Armstrong51,,,S,white,nonhispanic,F,Millbury  Massachusetts  US,789 Hoppe Divide,Ashland,Massachusetts,Middlesex County,,00000,42.22848492748871,-71.4599051974806,178855.07,656364.32,596824
e4f68d0b-d777-c024-7032-c690ccd352a8,2009-03-07,,999-93-6910,S99916968,,,Parker433,Peter292,Dare640,,,,white,nonhispanic,M,Mattapoisett Center  Massachusetts  US,278 Gislason Wynd,New Bedford,Massachusetts,Bristol County,25005,02743,41.58956195536707,-70.95497880528278,335527.93,178228.52,37025
26bd46d6-49ea-89bf-9d39-87187e7ccbb0,1989-10-11,,999-13-1751,S99913639,X66214410X,Mr.,Emanuel231,Dwayne786,Walker122,,,M,white,nonhispanic,M,Stoneham  Massachusetts  US,294 Dickens Center Suite 67,Waltham,Massachusetts,Middlesex County,25017,02453,42.40141719099565,-71.24018581826866,81923.42,95119.96,66963
cc6d434b-fc05-d79b-14bb-0658c9944f3f,2018-02-07,,999-69-9823,,,,Irving123,Napoleon578,Douglas31,,,,white,nonhispanic,M,New Bedford  Massachusetts  US,468 Metz Harbor,Leominster,Massachusetts,Worcester County,25027,01420,42.55751313052819,-71.76250036928269,21941.97,3765.30,46347
d8fe6b93-34be-6f4f-1d5c-4b1aa1b84d15,1992-06-08,,999-29-6117,S99944743,X6043295X,Mr.,Harrison106,Elvis145,Stroman228,,,M,white,nonhispanic,M,Watertown  Massachusetts  US,657 Howe Viaduct,Hopedale,Massachusetts,Worcester County,25027,01747,42.16583950629108,-71.54382226473707,88010.09,60195.21,29970
a3c924ed-b53e-a87c-cfb2-b132701e257b,1966-05-24,,999-86-5905,S99984642,X35323416X,Ms.,Oscar384,Charity776,Kirlin939,,,S,white,nonhispanic,F,Malden  Massachusetts  US,436 Quitzon Boulevard Apt 89,Framingham,Massachusetts,Middlesex County,25017,01702,42.33038876019459,-71.41537039989589,964572.33,223303.39,99984
043bb5d0-e7aa-65cd-22c0-0f7078890332,1984-08-16,,999-33-5589,S99922760,X16881659X,Mrs.,Althea11,Wonda35,Jacobi462,,Douglas31,M,black,nonhispanic,F,Attleboro  Massachusetts  US,105 Lynch Street,Franklin,Massachusetts,Norfolk County,25021,02038,42.133922553022444,-71.37589049045312,236576.22,456468.47,135370
4a56983c-2025-60b1-2c6d-b35e35840b6f,1954-04-26,1998-01-06,999-49-5892,S99929498,X20637835X,Mrs.,Isabel214,Ginger664,Predovic534,,Bins636,M,white,nonhispanic,F,Maynard  Massachusetts  US,657 Feeney Passage Unit 3,Swansea,Massachusetts,Bristol County,,00000,41.78161497295246,-71.2174312083037,797387.80,89469.55,97603
703e2762-c334-0e08-746e-dc407c047a59,1994-07-15,,999-94-5895,S99968538,X7352274X,Ms.,Lourdes258,Rosario163,Guevara385,,,S,white,hispanic,F,Salisbury  Saint Joseph Parish  DM,795 Wilkinson Crossroad,Mansfield Center,Massachusetts,Bristol County,,00000,42.05931206910481,-71.23024170460435,108414.80,228806.35,66977
54d4f41a-9563-0ea6-46dd-048aad2935d8,1979-11-15,,999-47-2608,S99945191,X87668687X,Mrs.,Lakiesha286,Lauri399,Hessel84,,Upton904,M,white,nonhispanic,F,Natick  Massachusetts  US,845 Greenfelder Landing,Winchester,Massachusetts,Middlesex County,25017,01890,42.43876504491847,-71.18337894864226,268732.32,262607.50,47058
687ac84b-8bb0-1a59-ab9c-1aee88191572,1943-11-07,2012-05-03,999-21-3463,S99994947,X71332227X,Mr.,Derrick232,Reid278,Hammes673,,,W,white,nonhispanic,M,Newton  Massachusetts  US,681 Ryan Bay Suite 3,Boston,Massachusetts,Suffolk County,25025,02199,42.308786540236305,-71.07351730025228,289354.54,94964.46,39786
66e79aea-e5c6-3beb-e75b-41fbf4a70b94,2018-04-07,,999-19-5512,,,,Parker433,Kerry175,Cronin387,,,,white,nonhispanic,M,Boston  Massachusetts  US,977 Hane Arcade Unit 80,Tyngsborough,Massachusetts,Middlesex County,,00000,42.66237051159493,-71.44500952566803,21105.53,3246.99,53281
2d9e3aa3-8e4a-491f-9a34-d9c4f807b716,1947-10-09,,999-48-7759,S99941767,X65180380X,Mrs.,Celestine956,Lannie207,Keebler762,,Mitchell808,D,white,nonhispanic,F,Townsend  Massachusetts  US,780 Sporer Light Suite 1,Hanover,Massachusetts,Plymouth County,,00000,42.11600921630495,-70.90338175043551,346500.42,900567.10,149760
e4cb5855-9b5c-1009-b213-cdfb71775eec,1980-03-19,,999-31-7007,S99979034,X18764716X,Ms.,Kirstin394,Shana231,D'Amore443,,,S,white,nonhispanic,F,Chilmark  Massachusetts  US,113 Greenfelder Burg Apt 3,East Longmeadow,Massachusetts,Hampden County,,00000,42.06906993017153,-72.49195270612876,509346.65,919572.60,85393
1490e3c7-4d88-215b-dd9f-f5ffad158eb9,2012-01-08,,999-99-8081,,,,Ricardo560,Nicolás801,Ornelas92,,,,white,hispanic,M,Havana  Havana  CU,423 Cruickshank Divide Suite 72,Wenham,Massachusetts,Essex County,,00000,42.56445689573006,-70.89170824323895,58497.67,8967.97,102214
286a7b21-9f0c-84cf-3bb8-d5b8de3cd49a,1964-10-05,2023-04-15,999-77-8142,S99915352,X46923563X,Mrs.,Clelia416,Loren192,Satterfield305,,Hirthe744,M,white,nonhispanic,F,Boston  Massachusetts  US,158 McGlynn Landing,Amherst,Massachusetts,Hampshire County,,00000,42.383017407965745,-72.4959360178702,56960.08,1670970.55,17174
2aeafe77-533b-a3c5-8b7f-dfdda412090a,1975-09-02,,999-90-5580,S99957237,X61024035X,Mrs.,Geraldine667,Ava220,Mertz280,,Thiel172,W,white,nonhispanic,F,Fall River  Massachusetts  US,159 Daugherty Mews Suite 49,Newbury,Massachusetts,Essex County,,00000,42.790322497479174,-70.91267040696397,260229.61,509220.12,174233
3f69c17d-615f-1d3d-98a2-55320acceaab,1962-04-23,2021-10-31,999-83-3826,S99992023,X21247756X,Mr.,Domingo513,Laurence43,Torphy630,,,M,white,nonhispanic,M,Greenfield  Massachusetts  US,142 Roberts Loaf Unit 97,Hudson,Massachusetts,Middlesex County,25017,01749,42.401441790209816,-71.57030851771304,111248.57,156387.85,913767
2e7ae9cc-e26f-fb6e-bc46-70b65b80c1f7,1947-10-15,2022-12-03,999-20-7365,S99998445,X67579677X,Mrs.,Carie544,,Jones311,,McClure239,D,white,nonhispanic,F,Woburn  Massachusetts  US,628 Yost Bay Unit 53,Woburn,Massachusetts,Middlesex County,25017,01801,42.422946563964,-71.12187412639385,380694.34,1030926.91,32672
739ae240-5cd4-fea0-0f53-91dd6d7fa4be,1987-11-12,,999-11-2259,S99988878,X5360399X,Mrs.,Hiedi833,Catalina187,Murazik203,,Franecki195,M,asian,nonhispanic,F,Holyoke  Massachusetts  US,405 Murazik Knoll Apt 48,Newton,Massachusetts,Middlesex County,25017,02461,42.31210347781654,-71.18974062277555,449741.92,981951.63,92338
e12f4d96-75e3-347c-a4ca-eeecac25ed87,1953-11-29,,999-34-8292,S99910888,X28428636X,Mr.,Darell496,Brooks264,Lebsack687,,,D,white,nonhispanic,M,Woburn  Massachusetts  US,739 Mitchell Vale,Williamstown,Massachusetts,Berkshire County,25003,01267,42.668491997899785,-73.19852754698648,135592.58,204689.64,29197
0f80d9e3-1399-7c1c-5cc8-0b12007f5c91,1998-11-30,,999-25-5074,S99972649,X43242484X,Ms.,Lara964,Caridad510,Greenfelder433,,,,white,nonhispanic,F,Revere  Massachusetts  US,137 Osinski Landing Suite 64,Lexington,Massachusetts,Middlesex County,25017,02421,42.465782756664694,-71.26762693991778,17515.27,1016299.40,976088
99fa2d11-c137-ddfe-b701-46a0b9ce7a21,1954-04-26,,999-51-1394,S99966763,X73908684X,Mrs.,Gertha313,Jenni670,Murray856,,Weissnat378,W,white,nonhispanic,F,Kingston  Massachusetts  US,366 Rosenbaum Crossroad,Swansea,Massachusetts,Bristol County,,00000,41.79882891129352,-71.2279667926812,914190.03,258163.37,97603
2331d948-a766-0cd7-8126-703e3bab056b,1943-11-07,,999-27-4098,S99976538,X5633014X,Mr.,Son314,Lane844,Grady603,,,M,white,nonhispanic,M,Lowell  Massachusetts  US,192 Effertz Grove Suite 85,Boston,Massachusetts,Suffolk County,25025,02132,42.311916202047236,-71.10863529306265,525321.67,372412.64,39786
f50f5169-5857-7d3a-4566-c0dbdb667486,1962-04-23,,999-67-3908,S99980169,X17221292X,Mr.,Eliseo499,Paul232,Bechtelar572,,,S,white,nonhispanic,M,Quincy  Massachusetts  US,391 Wiza Landing Suite 17,Hudson,Massachusetts,Middlesex County,25017,01749,42.389075872913494,-71.53344152079892,173437.17,55854.41,913767
e12aae45-d2b9-0dc8-cfc8-bc581cdd31e6,1964-10-05,,999-38-5382,S99967839,X47082921X,Mrs.,Brunilda665,,Dibbert990,,Turner526,M,white,nonhispanic,F,West Springfield  Massachusetts  US,1086 King Lock,Amherst,Massachusetts,Hampshire County,,00000,42.38686665712407,-72.52260439811326,17324.08,678350.45,17174
e8532e7f-e4a9-b70a-ca1e-345cde179f7a,1976-07-01,,999-31-6752,S99952218,X21092946X,Mrs.,Donna446,Khalilah870,Boehm581,,Shanahan202,M,white,nonhispanic,F,Springfield  Massachusetts  US,560 Hoppe Heights,Taunton,Massachusetts,Bristol County,25005,02767,41.92260807490655,-71.07402885827277,45437.43,1470308.19,12270
2cfdc1a4-a1a5-ec0e-ee33-b0ce76fcb048,1960-10-23,,999-67-3762,S99924323,X66508965X,Mr.,Ian270,Craig656,Grimes165,,,M,white,nonhispanic,M,Walpole  Massachusetts  US,1033 Ritchie Overpass,Randolph,Massachusetts,Norfolk County,25021,02368,42.139828833602145,-71.09395147283816,206695.24,507951.87,23801
f59a6ef5-abc8-c513-5ba4-3aca637eea8c,1943-03-19,,999-90-8243,S99995184,X10115732X,Mr.,Hyman89,Devin82,Hyatt152,,,M,white,nonhispanic,M,Green Harbor-Cedar Crest  Massachusetts  US,678 Rutherford Branch,Waltham,Massachusetts,Middlesex County,25017,02451,42.413697545894166,-71.14950507327855,345204.61,523204.39,35325
a6ba492d-39a2-db0d-d79b-927dc7abe100,1947-10-15,,999-43-4347,S99934499,X26416702X,Mrs.,Marilou153,Arlene209,Ruecker817,,Hand679,M,white,nonhispanic,F,Marshfield  Massachusetts  US,274 O'Hara Way Unit 78,Woburn,Massachusetts,Middlesex County,25017,01890,42.51902316452812,-71.1870676953138,328128.62,984244.57,32672
f6035f92-2d65-6999-021a-bdd7b0a7cf21,1930-08-11,,999-20-1384,S99959292,X72074208X,Mr.,Luciano237,Alan320,Hills818,,,W,white,nonhispanic,M,Colrain  Massachusetts  US,108 Crist Fort,Chelmsford,Massachusetts,Middlesex County,,00000,42.60156208244047,-71.40135396420956,1148611.73,1638931.52,91626
